mass;density;melt;boil;phase;category;appearance;year;discoverer;summary;source
1.008;0.08988;13.99;20.271;Gas;Diatomic non-metal;Colorless gas;1766;Henry Cavendish;Hydrogen is a chemical element with chemical symbol H and atomic number 1. With an atomic weight of 1.00794 u, hydrogen is the lightest element on the periodic table. Its monatomic form (H) is the most abundant chemical substance in the Universe, constituting roughly 75% of all baryonic mass.;Https://en.wikipedia.org/wiki/Hydrogen
4.0026022;0.1786;0.95;4.222;Gas;Noble gas;Colorless gas, exhibiting a red-orange glow when placed in a high-voltage electric field;1868;Pierre Janssen;Helium is a chemical element with symbol He and atomic number 2. It is a colorless, odorless, tasteless, non-toxic, inert, monatomic gas that heads the noble gas group in the periodic table. Its boiling and melting points are the lowest among all the elements.;Https://en.wikipedia.org/wiki/Helium
6.94;0.534;453.65;1603.0;Solid;Alkali metal;Silvery-white;1817;Johan August Arfwedson;Lithium (from Greek:λίθος lithos, "stone") is a chemical element with the symbol Li and atomic number 3. It is a soft, silver-white metal belonging to the alkali metal group of chemical elements. Under standard conditions it is the lightest metal and the least dense solid element.;Https://en.wikipedia.org/wiki/Lithium
9.01218315;1.85;1560.0;2742.0;Solid;Alkaline earth metal;White-gray metallic;1798;Louis Nicolas Vauquelin;Beryllium is a chemical element with symbol Be and atomic number 4. It is created through stellar nucleosynthesis and is a relatively rare element in the universe. It is a divalent element which occurs naturally only in combination with other elements in minerals.;Https://en.wikipedia.org/wiki/Beryllium
10.81;2.08;2349.0;4200.0;Solid;Metalloid;Black-brown;1807;Joseph Louis Gay-Lussac;Boron is a metalloid chemical element with symbol B and atomic number 5. Produced entirely by cosmic ray spallation and supernovae and not by stellar nucleosynthesis, it is a low-abundance element in both the Solar system and the Earth's crust. Boron is concentrated on Earth by the water-solubility of its more common naturally occurring compounds, the borate minerals.;Https://en.wikipedia.org/wiki/Boron
12.011;1.821;;;Solid;Polyatomic nonmetal;;ancient times;Ancient Egypt;Carbon (from Latin:carbo "coal") is a chemical element with symbol C and atomic number 6. On the periodic table, it is the first (row 2) of six elements in column (group) 14, which have in common the composition of their outer electron shell. It is nonmetallic and tetravalent—making four electrons available to form covalent chemical bonds.;Https://en.wikipedia.org/wiki/Carbon
14.007;1.251;63.15;77.355;Gas;Diatomic nonmetal;Colorless gas, liquid or solid;1772;Daniel Rutherford;Nitrogen is a chemical element with symbol N and atomic number 7. It is the lightest pnictogen and at room temperature, it is a transparent, odorless diatomic gas. Nitrogen is a common element in the universe, estimated at about seventh in total abundance in the Milky Way and the Solar System.;Https://en.wikipedia.org/wiki/Nitrogen
15.999;1.429;54.36;90.188;Gas;Diatomic nonmetal;;1774;Carl Wilhelm Scheele;Oxygen is a chemical element with symbol O and atomic number 8. It is a member of the chalcogen group on the periodic table and is a highly reactive nonmetal and oxidizing agent that readily forms compounds (notably oxides) with most elements. By mass, oxygen is the third-most abundant element in the universe, after hydrogen and helium.;Https://en.wikipedia.org/wiki/Oxygen
18.9984031636;1.696;53.48;85.03;Gas;Diatomic nonmetal;;1670;André-Marie Ampère;Fluorine is a chemical element with symbol F and atomic number 9. It is the lightest halogen and exists as a highly toxic pale yellow diatomic gas at standard conditions. As the most electronegative element, it is extremely reactive:almost all other elements, including some noble gases, form compounds with fluorine.;Https://en.wikipedia.org/wiki/Fluorine
20.17976;0.9002;24.56;27.104;Gas;Noble gas;Colorless gas exhibiting an orange-red glow when placed in a high voltage electric field;1898;Morris Travers;Neon is a chemical element with symbol Ne and atomic number 10. It is in group 18 (noble gases) of the periodic table. Neon is a colorless, odorless, inert monatomic gas under standard conditions, with about two-thirds the density of air.;Https://en.wikipedia.org/wiki/Neon
22.989769282;0.968;370.944;1156.09;Solid;Alkali metal;Silvery white metallic;1807;Humphry Davy;Sodium /ˈsoʊdiəm/ is a chemical element with symbol Na (from Ancient Greek Νάτριο) and atomic number 11. It is a soft, silver-white, highly reactive metal. In the Periodic table it is in column 1 (alkali metals), and shares with the other six elements in that column that it has a single electron in its outer shell, which it readily donates, creating a positively charged atom - a cation.;Https://en.wikipedia.org/wiki/Sodium
24.305;1.738;923.0;1363.0;Solid;Alkaline earth metal;Shiny grey solid;1808;Joseph Black;Magnesium is a chemical element with symbol Mg and atomic number 12. It is a shiny gray solid which bears a close physical resemblance to the other five elements in the second column (Group 2, or alkaline earth metals) of the periodic table:they each have the same electron configuration in their outer electron shell producing a similar crystal structure. Magnesium is the ninth most abundant element in the universe.;Https://en.wikipedia.org/wiki/Magnesium
26.98153857;2.7;933.47;2743.0;Solid;Post-transition metal;Silvery gray metallic;ancient times;;Aluminium (or aluminum, see different endings) is a chemical element in the boron group with symbol Al and atomic number 13. It is a silvery-white, soft, nonmagnetic, ductile metal. Aluminium is the third most abundant element (after oxygen and silicon), and the most abundant metal, in the Earth's crust.;Https://en.wikipedia.org/wiki/Aluminium
28.085;2.329;1687.0;3538.0;Solid;Metalloid;Crystalline, reflective with bluish-tinged faces;1854;Jöns Jacob Berzelius;Silicon is a chemical element with symbol Si and atomic number 14. It is a tetravalent metalloid, more reactive than germanium, the metalloid directly below it in the table. Controversy about silicon's character dates to its discovery.;Https://en.wikipedia.org/wiki/Silicon
30.9737619985;1.823;;;Solid;Polyatomic nonmetal;Colourless, waxy white, yellow, scarlet, red, violet, black;1669;Hennig Brand;Phosphorus is a chemical element with symbol P and atomic number 15. As an element, phosphorus exists in two major forms—white phosphorus and red phosphorus—but due to its high reactivity, phosphorus is never found as a free element on Earth. Instead phosphorus-containing minerals are almost always present in their maximally oxidised state, as inorganic phosphate rocks.;Https://en.wikipedia.org/wiki/Phosphorus
32.06;2.07;388.36;717.8;Solid;Polyatomic nonmetal;Lemon yellow sintered microcrystals;ancient times;Ancient china;Sulfur or sulphur (see spelling differences) is a chemical element with symbol S and atomic number 16. It is an abundant, multivalent non-metal. Under normal conditions, sulfur atoms form cyclic octatomic molecules with chemical formula S8.;Https://en.wikipedia.org/wiki/Sulfur
35.45;3.2;171.6;239.11;Gas;Diatomic non-metal;Pale yellow-green gas;1774;Carl Wilhelm Scheele;Chlorine is a chemical element with symbol Cl and atomic number 17. It also has a relative atomic mass of 35.5. Chlorine is in the halogen group (17) and is the second lightest halogen following fluorine.;Https://en.wikipedia.org/wiki/Chlorine
39.9481;1.784;83.81;87.302;Gas;Noble gas;Colorless gas exhibiting a lilac/violet glow when placed in a high voltage electric field;1894;Lord Rayleigh;Argon is a chemical element with symbol Ar and atomic number 18. It is in group 18 of the periodic table and is a noble gas. Argon is the third most common gas in the Earth's atmosphere, at 0.934% (9,340 ppmv), making it over twice as abundant as the next most common atmospheric gas, water vapor (which averages about 4000 ppmv, but varies greatly), and 23 times as abundant as the next most common non-condensing atmospheric gas, carbon dioxide (400 ppmv), and more than 500 times as abundant as the next most common noble gas, neon (18 ppmv).;Https://en.wikipedia.org/wiki/Argon
39.09831;0.862;336.7;1032.0;Solid;Alkali metal;Silvery gray;1807;Humphry Davy;Potassium is a chemical element with symbol K (derived from Neo-Latin, kalium) and atomic number 19. It was first isolated from potash, the ashes of plants, from which its name is derived. In the Periodic table, potassium is one of seven elements in column (group) 1 (alkali metals):they all have a single valence electron in their outer electron shell, which they readily give up to create an atom with a positive charge - a cation, and combine with anions to form salts.;Https://en.wikipedia.org/wiki/Potassium
40.0784;1.55;1115.0;1757.0;Solid;Alkaline earth metal;;ancient times;Humphry Davy;Calcium is a chemical element with symbol Ca and atomic number 20. Calcium is a soft gray alkaline earth metal, fifth-most-abundant element by mass in the Earth's crust. The ion Ca2+ is also the fifth-most-abundant dissolved ion in seawater by both molarity and mass, after sodium, chloride, magnesium, and sulfate.;Https://en.wikipedia.org/wiki/Calcium
44.9559085;2.985;1814.0;3109.0;Solid;Transition metal;Silvery white;1876;Lars Fredrik Nilson;Scandium is a chemical element with symbol Sc and atomic number 21. A silvery-white metallic d-block element, it has historically been sometimes classified as a rare earth element, together with yttrium and the lanthanoids. It was discovered in 1879 by spectral analysis of the minerals euxenite and gadolinite from Scandinavia.;Https://en.wikipedia.org/wiki/Scandium
47.8671;4.506;1941.0;3560.0;Solid;Transition metal;Silvery grey-white metallic;1791;William Gregor;Titanium is a chemical element with symbol Ti and atomic number 22. It is a lustrous transition metal with a silver color, low density and high strength. It is highly resistant to corrosion in sea water, aqua regia and chlorine.;Https://en.wikipedia.org/wiki/Titanium
50.94151;6.0;2183.0;3680.0;Solid;Transition metal;Blue-silver-grey metal;1803;Andrés Manuel del Río;Vanadium is a chemical element with symbol V and atomic number 23. It is a hard, silvery grey, ductile and malleable transition metal. The element is found only in chemically combined form in nature, but once isolated artificially, the formation of an oxide layer stabilizes the free metal somewhat against further oxidation.;Https://en.wikipedia.org/wiki/Vanadium
51.99616;7.19;2180.0;2944.0;Solid;Transition metal;Silvery metallic;ancient times;Louis Nicolas Vauquelin;Chromium is a chemical element with symbol Cr and atomic number 24. It is the first element in Group 6. It is a steely-gray, lustrous, hard and brittle metal which takes a high polish, resists tarnishing, and has a high melting point.;Https://en.wikipedia.org/wiki/Chromium
54.9380443;7.21;1519.0;2334.0;Solid;Transition metal;Silvery metallic;1774;Torbern Olof Bergman;Manganese is a chemical element with symbol Mn and atomic number 25. It is not found as a free element in nature. It is often found in combination with iron, and in many minerals. Manganese is a metal with important industrial metal alloy uses, particularly in stainless steels.;Https://en.wikipedia.org/wiki/Manganese
55.8452;7.874;1811.0;3134.0;Solid;Transition metal;Lustrous metallic with a grayish tinge;ancient times;5000 BC;Iron is a chemical element with symbol Fe (from Latin:ferrum) and atomic number 26. It is a metal in the first transition series. It is by mass the most common element on Earth, forming much of Earth's outer and inner core.;Https://en.wikipedia.org/wiki/Iron
58.9331944;8.9;1768.0;3200.0;Solid;Transition metal;Hard lustrous gray metal;ancient times;Georg Brandt;Cobalt is a chemical element with symbol Co and atomic number 27. Like nickel, cobalt in the Earth's crust is found only in chemically combined form, save for small deposits found in alloys of natural meteoric iron. The free element, produced by reductive smelting, is a hard, lustrous, silver-gray metal.;Https://en.wikipedia.org/wiki/Cobalt
58.69344;8.908;1728.0;3003.0;Solid;Transition metal;Lustrous, metallic, and silver with a gold tinge;1751;Axel Fredrik Cronstedt;Nickel is a chemical element with symbol Ni and atomic number 28. It is a silvery-white lustrous metal with a slight golden tinge. Nickel belongs to the transition metals and is hard and ductile.;Https://en.wikipedia.org/wiki/Nickel
63.5463;8.96;1357.77;2835.0;Solid;Transition metal;Red-orange metallic luster;ancient times;Middle East;Copper is a chemical element with symbol Cu (from Latin:cuprum) and atomic number 29. It is a soft, malleable and ductile metal with very high thermal and electrical conductivity. A freshly exposed surface of pure copper has a reddish-orange color.;Https://en.wikipedia.org/wiki/Copper
65.382;7.14;692.68;1180.0;Solid;Transition metal;Silver-gray;1746;India;Zinc, in commerce also spelter, is a chemical element with symbol Zn and atomic number 30. It is the first element of group 12 of the periodic table. In some respects zinc is chemically similar to magnesium:its ion is of similar size and its only common oxidation state is +2.;Https://en.wikipedia.org/wiki/Zinc
69.7231;5.91;302.9146;2673.0;Solid;Post-transition metal;Silver-white;1875;Lecoq de Boisbaudran;Gallium is a chemical element with symbol Ga and atomic number 31. Elemental gallium does not occur in free form in nature, but as the gallium(III) compounds that are in trace amounts in zinc ores and in bauxite. Gallium is a soft, silvery metal, and elemental gallium is a brittle solid at low temperatures, and melts at 29.76 °C (85.57 °F) (slightly above room temperature).;Https://en.wikipedia.org/wiki/Gallium
72.6308;5.323;1211.4;3106.0;Solid;Metalloid;Grayish-white;1886;Clemens Winkler;Germanium is a chemical element with symbol Ge and atomic number 32. It is a lustrous, hard, grayish-white metalloid in the carbon group, chemically similar to its group neighbors tin and silicon. Purified germanium is a semiconductor, with an appearance most similar to elemental silicon.;Https://en.wikipedia.org/wiki/Germanium
74.9215956;5.727;;;Solid;Metalloid;Metallic grey;ancient times;Bronze Age;Arsenic is a chemical element with symbol As and atomic number 33. Arsenic occurs in many minerals, usually in conjunction with sulfur and metals, and also as a pure elemental crystal. Arsenic is a metalloid.;Https://en.wikipedia.org/wiki/Arsenic
78.9718;4.81;494.0;958.0;Solid;Polyatomic non-metal;Black, red, and gray (not pictured) allotropes;1817;Jöns Jakob Berzelius;Selenium is a chemical element with symbol Se and atomic number 34. It is a nonmetal with properties that are intermediate between those of its periodic table column-adjacent chalcogen elements sulfur and tellurium. It rarely occurs in its elemental state in nature, or as pure ore compounds.;Https://en.wikipedia.org/wiki/Selenium
79.904;3.1028;265.8;332.0;Liquid;Diatomic non-metal;;1826;Antoine Jérôme Balard;Bromine (from Ancient Greek:βρῶμος, brómos, meaning "stench") is a chemical element with symbol Br, and atomic number 35. It is a halogen. The element was isolated independently by two chemists, Carl Jacob Löwig and Antoine Jerome Balard, in 1825–1826.;Https://en.wikipedia.org/wiki/Bromine
83.7982;3.749;115.78;119.93;Gas;Noble gas;Colorless gas, exhibiting a whitish glow in a high electric field;1898;William Ramsay;Krypton (from Greek:κρυπτός kryptos "the hidden one") is a chemical element with symbol Kr and atomic number 36. It is a member of group 18 (noble gases) elements. A colorless, odorless, tasteless noble gas, krypton occurs in trace amounts in the atmosphere, is isolated by fractionally distilling liquefied air, and is often used with other rare gases in fluorescent lamps.;Https://en.wikipedia.org/wiki/Krypton
85.46783;1.532;312.45;961.0;Solid;Alkali metal;Grey white;1861;Robert Bunsen;Rubidium is a chemical element with symbol Rb and atomic number 37. Rubidium is a soft, silvery-white metallic element of the alkali metal group, with an atomic mass of 85.4678. Elemental rubidium is highly reactive, with properties similar to those of other alkali metals, such as very rapid oxidation in air.;Https://en.wikipedia.org/wiki/Rubidium
87.621;2.64;1050.0;1650.0;Solid;Alkaline earth metal;;1790;William Cruickshank (chemist);Strontium is a chemical element with symbol Sr and atomic number 38. An alkaline earth metal, strontium is a soft silver-white or yellowish metallic element that is highly reactive chemically. The metal turns yellow when it is exposed to air.;Https://en.wikipedia.org/wiki/Strontium
88.905842;4.472;1799.0;3203.0;Solid;Transition metal;Silvery white;1794;Johan Gadolin;Yttrium is a chemical element with symbol Y and atomic number 39. It is a silvery-metallic transition metal chemically similar to the lanthanides and it has often been classified as a "rare earth element". Yttrium is almost always found combined with the lanthanides in rare earth minerals and is never found in nature as a free element.;Https://en.wikipedia.org/wiki/Yttrium
91.2242;6.52;2128.0;4650.0;Solid;Transition metal;Silvery white;1789;Martin Heinrich Klaproth;Zirconium is a chemical element with symbol Zr and atomic number 40. The name of zirconium is taken from the name of the mineral zircon, the most important source of zirconium. The word zircon comes from the Persian word zargun زرگون, meaning "gold-colored".;Https://en.wikipedia.org/wiki/Zirconium
92.906372;8.57;2750.0;5017.0;Solid;Transition metal;Gray metallic, bluish when oxidized;1801;Charles Hatchett;Niobium, formerly columbium, is a chemical element with symbol Nb (formerly Cb) and atomic number 41. It is a soft, grey, ductile transition metal, which is often found in the pyrochlore mineral, the main commercial source for niobium, and columbite. The name comes from Greek mythology:Niobe, daughter of Tantalus since it is so similar to tantalum.;Https://en.wikipedia.org/wiki/Niobium
95.951;10.28;2896.0;4912.0;Solid;Transition metal;Gray metallic;1778;Carl Wilhelm Scheele;Molybdenum is a chemical element with symbol Mo and atomic number 42. The name is from Neo-Latin molybdaenum, from Ancient Greek Μόλυβδος molybdos, meaning lead, since its ores were confused with lead ores. Molybdenum minerals have been known throughout history, but the element was discovered (in the sense of differentiating it as a new entity from the mineral salts of other metals) in 1778 by Carl Wilhelm Scheele.;Https://en.wikipedia.org/wiki/Molybdenum
98.0;11.0;2430.0;4538.0;Solid;Transition metal;Shiny gray metal;1937;Emilio Segrè;Technetium (/tɛkˈniːʃiəm/) is a chemical element with symbol Tc and atomic number 43. It is the element with the lowest atomic number in the periodic table that has no stable isotopes:every form of it is radioactive. Nearly all technetium is produced synthetically, and only minute amounts are found in nature.;Https://en.wikipedia.org/wiki/Technetium
101.072;12.45;2607.0;4423.0;Solid;Transition metal;Silvery white metallic;1827;Karl Ernst Claus;Ruthenium is a chemical element with symbol Ru and atomic number 44. It is a rare transition metal belonging to the platinum group of the periodic table. Like the other metals of the platinum group, ruthenium is inert to most other chemicals.;Https://en.wikipedia.org/wiki/Ruthenium
102.905502;12.41;2237.0;3968.0;Solid;Transition metal;Silvery white metallic;1803;William Hyde Wollaston;Rhodium is a chemical element with symbol Rh and atomic number 45. It is a rare, silvery-white, hard, and chemically inert transition metal. It is a member of the platinum group.;Https://en.wikipedia.org/wiki/Rhodium
106.421;12.023;1828.05;3236.0;Solid;Transition metal;Silvery white;1803;William Hyde Wollaston;Palladium is a chemical element with symbol Pd and atomic number 46. It is a rare and lustrous silvery-white metal discovered in 1803 by William Hyde Wollaston. He named it after the asteroid Pallas, which was itself named after the epithet of the Greek goddess Athena, acquired by her when she slew Pallas.;Https://en.wikipedia.org/wiki/Palladium
107.86822;10.49;1234.93;2435.0;Solid;Transition metal;Lustrous white metal;ancient times;Unknown, before 5000 BC;Silver is a chemical element with symbol Ag (Greek:άργυρος árguros, Latin:argentum, both from the Indo-European root *h₂erǵ- for "grey" or "shining") and atomic number 47. A soft, white, lustrous transition metal, it possesses the highest electrical conductivity, thermal conductivity and reflectivity of any metal. The metal occurs naturally in its pure, free form (native silver), as an alloy with gold and other metals, and in minerals such as argentite and chlorargyrite.;Https://en.wikipedia.org/wiki/Silver
112.4144;8.65;594.22;1040.0;Solid;Transition metal;Silvery bluish-gray metallic;1817;Karl Samuel Leberecht Hermann;Cadmium is a chemical element with symbol Cd and atomic number 48. This soft, bluish-white metal is chemically similar to the two other stable metals in group 12, zinc and mercury. Like zinc, it prefers oxidation state +2 in most of its compounds and like mercury it shows a low melting point compared to transition metals.;Https://en.wikipedia.org/wiki/Cadmium
114.8181;7.31;429.7485;2345.0;Solid;Post-transition metal;Silvery lustrous gray;1863;Ferdinand Reich;Indium is a chemical element with symbol In and atomic number 49. It is a post-transition metallic element that is rare in Earth's crust. The metal is very soft, malleable and easily fusible, with a melting point higher than sodium, but lower than lithium or tin.;Https://en.wikipedia.org/wiki/Indium
118.7107;7.365;505.08;2875.0;Solid;Post-transition metal;Silvery-white (beta, β) or gray (alpha, α);ancient times;Unknown, before 3500 BC;Tin is a chemical element with the symbol Sn (for Latin:stannum) and atomic number 50. It is a main group metal in group 14 of the periodic table. Tin shows a chemical similarity to both neighboring group-14 elements, germanium and lead, and has two possible oxidation states, +2 and the slightly more stable +4.;Https://en.wikipedia.org/wiki/Tin
121.7601;6.697;903.78;1908.0;Solid;Metalloid;Silvery lustrous gray;ancient times;Unknown, before 3000 BC;Antimony is a chemical element with symbol Sb (from Latin:stibium) and atomic number 51. A lustrous gray metalloid, it is found in nature mainly as the sulfide mineral stibnite (Sb2S3). Antimony compounds have been known since ancient times and were used for cosmetics. Metallic antimony was also known, but it was erroneously identified as lead upon its discovery.;Https://en.wikipedia.org/wiki/Antimony
127.603;6.24;722.66;1261.0;Solid;Metalloid;;1782;Franz-Joseph Müller von Reichenstein;Tellurium is a chemical element with symbol Te and atomic number 52. It is a brittle, mildly toxic, rare, silver-white metalloid. Tellurium is chemically related to selenium and sulfur.;Https://en.wikipedia.org/wiki/Tellurium
126.904473;4.933;386.85;457.4;Solid;Diatomic non-metal;Lustrous metallic gray, violet as a gas;1811;Bernard Courtois;Iodine is a chemical element with symbol I and atomic number 53. The name is from Greek ἰοειδής ioeidēs, meaning violet or purple, due to the color of iodine vapor. Iodine and its compounds are primarily used in nutrition, and industrially in the production of acetic acid and certain polymers.;Https://en.wikipedia.org/wiki/Iodine
131.2936;5.894;161.4;165.051;Gas;Noble gas;Colorless gas, exhibiting a blue glow when placed in a high voltage electric field;1898;William Ramsay;Xenon is a chemical element with symbol Xe and atomic number 54. It is a colorless, dense, odorless noble gas, that occurs in the Earth's atmosphere in trace amounts. Although generally unreactive, xenon can undergo a few chemical reactions such as the formation of xenon hexafluoroplatinate, the first noble gas compound to be synthesized.;Https://en.wikipedia.org/wiki/Xenon
132.905451966;1.93;301.7;944.0;Solid;Alkali metal;Silvery gold;1860;Robert Bunsen;Caesium or cesium is a chemical element with symbol Cs and atomic number 55. It is a soft, silvery-gold alkali metal with a melting point of 28 °C (82 °F), which makes it one of only five elemental metals that are liquid at or near room temperature. Caesium is an alkali metal and has physical and chemical properties similar to those of rubidium and potassium.;Https://en.wikipedia.org/wiki/Cesium
137.3277;3.51;1000.0;2118.0;Solid;Alkaline earth metal;;1808;Carl Wilhelm Scheele;Barium is a chemical element with symbol Ba and atomic number 56. It is the fifth element in Group 2, a soft silvery metallic alkaline earth metal. Because of its high chemical reactivity barium is never found in nature as a free element.;Https://en.wikipedia.org/wiki/Barium
138.905477;6.162;1193.0;3737.0;Solid;Lanthanide;Silvery white;1839;Carl Gustaf Mosander;Lanthanum is a soft, ductile, silvery-white metallic chemical element with symbol La and atomic number 57. It tarnishes rapidly when exposed to air and is soft enough to be cut with a knife. It gave its name to the lanthanide series, a group of 15 similar elements between lanthanum and lutetium in the periodic table:it is also sometimes considered the first element of the 6th-period transition metals.;Https://en.wikipedia.org/wiki/Lanthanum
140.1161;6.77;1068.0;3716.0;Solid;Lanthanide;Silvery white;1803;Martin Heinrich Klaproth;Cerium is a chemical element with symbol Ce and atomic number 58. It is a soft, silvery, ductile metal which easily oxidizes in air. Cerium was named after the dwarf planet Ceres (itself named after the Roman goddess of agriculture).;Https://en.wikipedia.org/wiki/Cerium
140.907662;6.77;1208.0;3403.0;Solid;Lanthanide;Grayish white;1885;Carl Auer von Welsbach;Praseodymium is a chemical element with symbol Pr and atomic number 59. Praseodymium is a soft, silvery, malleable and ductile metal in the lanthanide group. It is valued for its magnetic, electrical, chemical, and optical properties.;Https://en.wikipedia.org/wiki/Praseodymium
144.2423;7.01;1297.0;3347.0;Solid;Lanthanide;Silvery white;1885;Carl Auer von Welsbach;Neodymium is a chemical element with symbol Nd and atomic number 60. It is a soft silvery metal that tarnishes in air. Neodymium was discovered in 1885 by the Austrian chemist Carl Auer von Welsbach.;Https://en.wikipedia.org/wiki/Neodymium
145.0;7.26;1315.0;3273.0;Solid;Lanthanide;Metallic;1947;Chien Shiung Wu;Promethium, originally prometheum, is a chemical element with the symbol Pm and atomic number 61. All of its isotopes are radioactive. It is one of only two such elements that are followed in the periodic table by elements with stable forms, a distinction shared with technetium. Chemically, promethium is a lanthanide, which forms salts when combined with other elements.;Https://en.wikipedia.org/wiki/Promethium
150.362;7.52;1345.0;2173.0;Solid;Lanthanide;Silvery white;1853;Lecoq de Boisbaudran;Samarium is a chemical element with symbol Sm and atomic number 62. It is a moderately hard silvery metal that readily oxidizes in air. Being a typical member of the lanthanide series, samarium usually assumes the oxidation state +3.;Https://en.wikipedia.org/wiki/Samarium
151.9641;5.264;1099.0;1802.0;Solid;Lanthanide;;1901;Eugène-Anatole Demarçay;Europium is a chemical element with symbol Eu and atomic number 63. It was isolated in 1901 and is named after the continent of Europe. It is a moderately hard, silvery metal which readily oxidizes in air and water.;Https://en.wikipedia.org/wiki/Europium
157.253;7.9;1585.0;3273.0;Solid;Lanthanide;Silvery white;1880;Jean Charles Galissard de Marignac;Gadolinium is a chemical element with symbol Gd and atomic number 64. It is a silvery-white, malleable and ductile rare-earth metal. It is found in nature only in combined (salt) form.;Https://en.wikipedia.org/wiki/Gadolinium
158.925352;8.23;1629.0;3396.0;Solid;Lanthanide;Silvery white;1843;Carl Gustaf Mosander;Terbium is a chemical element with symbol Tb and atomic number 65. It is a silvery-white rare earth metal that is malleable, ductile and soft enough to be cut with a knife. Terbium is never found in nature as a free element, but it is contained in many minerals, including cerite, gadolinite, monazite, xenotime and euxenite.;Https://en.wikipedia.org/wiki/Terbium
162.5001;8.54;1680.0;2840.0;Solid;Lanthanide;Silvery white;1886;Lecoq de Boisbaudran;Dysprosium is a chemical element with the symbol Dy and atomic number 66. It is a rare earth element with a metallic silver luster. Dysprosium is never found in nature as a free element, though it is found in various minerals, such as xenotime.;Https://en.wikipedia.org/wiki/Dysprosium
164.930332;8.79;1734.0;2873.0;Solid;Lanthanide;Silvery white;1878;Marc Delafontaine;Holmium is a chemical element with symbol Ho and atomic number 67. Part of the lanthanide series, holmium is a rare earth element. Holmium was discovered by Swedish chemist Per Theodor Cleve.;Https://en.wikipedia.org/wiki/Holmium
167.2593;9.066;1802.0;3141.0;Solid;Lanthanide;Silvery white;1842;Carl Gustaf Mosander;Erbium is a chemical element in the lanthanide series, with symbol Er and atomic number 68. A silvery-white solid metal when artificially isolated, natural erbium is always found in chemical combination with other elements on Earth. As such, it is a rare earth element which is associated with several other rare elements in the mineral gadolinite from Ytterby in Sweden, where yttrium, ytterbium, and terbium were discovered.;Https://en.wikipedia.org/wiki/Erbium
168.934222;9.32;1818.0;2223.0;Solid;Lanthanide;Silvery gray;1879;Per Teodor Cleve;Thulium is a chemical element with symbol Tm and atomic number 69. It is the thirteenth and antepenultimate (third-last) element in the lanthanide series. Like the other lanthanides, the most common oxidation state is +3, seen in its oxide, halides and other compounds.;Https://en.wikipedia.org/wiki/Thulium
173.0451;6.9;1097.0;1469.0;Solid;Lanthanide;;1878;Jean Charles Galissard de Marignac;Ytterbium is a chemical element with symbol Yb and atomic number 70. It is the fourteenth and penultimate element in the lanthanide series, which is the basis of the relative stability of its +2 oxidation state. However, like the other lanthanides, its most common oxidation state is +3, seen in its oxide, halides and other compounds.;Https://en.wikipedia.org/wiki/Ytterbium
174.96681;9.841;1925.0;3675.0;Solid;Lanthanide;Silvery white;1907;Georges Urbain;Lutetium is a chemical element with symbol Lu and atomic number 71. It is a silvery white metal, which resists corrosion in dry, but not in moist air. It is considered the first element of the 6th-period transition metals and the last element in the lanthanide series, and is traditionally counted among the rare earths.;Https://en.wikipedia.org/wiki/Lutetium
178.492;13.31;2506.0;4876.0;Solid;Transition metal;Steel gray;1923;Dirk Coster;Hafnium is a chemical element with symbol Hf and atomic number 72. A lustrous, silvery gray, tetravalent transition metal, hafnium chemically resembles zirconium and is found in zirconium minerals. Its existence was predicted by Dmitri Mendeleev in 1869, though it was not identified until 1923, making it the penultimate stable element to be discovered (rhenium was identified two years later).;Https://en.wikipedia.org/wiki/Hafnium
180.947882;16.69;3290.0;5731.0;Solid;Transition metal;Gray blue;1802;Anders Gustaf Ekeberg;Tantalum is a chemical element with symbol Ta and atomic number 73. Previously known as tantalium, its name comes from Tantalus, an antihero from Greek mythology. Tantalum is a rare, hard, blue-gray, lustrous transition metal that is highly corrosion-resistant.;Https://en.wikipedia.org/wiki/Tantalum
183.841;19.25;3695.0;6203.0;Solid;Transition metal;Grayish white, lustrous;1783;Carl Wilhelm Scheele;Tungsten, also known as wolfram, is a chemical element with symbol W and atomic number 74. The word tungsten comes from the Swedish language tung sten, which directly translates to heavy stone. Its name in Swedish is volfram, however, in order to distinguish it from scheelite, which in Swedish is alternatively named tungsten.;Https://en.wikipedia.org/wiki/Tungsten
186.2071;21.02;3459.0;5869.0;Solid;Transition metal;Silvery-grayish;1925;Masataka Ogawa;Rhenium is a chemical element with symbol Re and atomic number 75. It is a silvery-white, heavy, third-row transition metal in group 7 of the periodic table. With an estimated average concentration of 1 part per billion (ppb), rhenium is one of the rarest elements in the Earth's crust.;Https://en.wikipedia.org/wiki/Rhenium
190.233;22.59;3306.0;5285.0;Solid;Transition metal;Silvery, blue cast;1803;Smithson Tennant;Osmium (from Greek osme (ὀσμή) meaning "smell") is a chemical element with symbol Os and atomic number 76. It is a hard, brittle, bluish-white transition metal in the platinum group that is found as a trace element in alloys, mostly in platinum ores. Osmium is the densest naturally occurring element, with a density of 22.59 g/cm3.;Https://en.wikipedia.org/wiki/Osmium
192.2173;22.56;2719.0;4403.0;Solid;Transition metal;Silvery white;1803;Smithson Tennant;Iridium is a chemical element with symbol Ir and atomic number 77. A very hard, brittle, silvery-white transition metal of the platinum group, iridium is generally credited with being the second densest element (after osmium) based on measured density, although calculations involving the space lattices of the elements show that iridium is denser. It is also the most corrosion-resistant metal, even at temperatures as high as 2000 °C. Although only certain molten salts and halogens are corrosive to solid iridium, finely divided iridium dust is much more reactive and can be flammable.;Https://en.wikipedia.org/wiki/Iridium
195.0849;21.45;2041.4;4098.0;Solid;Transition metal;Silvery white;ancient times;Antonio de Ulloa;Platinum is a chemical element with symbol Pt and atomic number 78. It is a dense, malleable, ductile, highly unreactive, precious, gray-white transition metal. Its name is derived from the Spanish term platina, which is literally translated into "little silver".;Https://en.wikipedia.org/wiki/Platinum
196.9665695;19.3;1337.33;3243.0;Solid;Transition metal;Metallic yellow;ancient times;Middle East;Gold is a chemical element with symbol Au (from Latin:aurum) and atomic number 79. In its purest form, it is a bright, slightly reddish yellow, dense, soft, malleable and ductile metal. Chemically, gold is a transition metal and a group 11 element.;Https://en.wikipedia.org/wiki/Gold
200.5923;13.534;234.321;629.88;Liquid;Transition metal;Silvery;ancient times;Unknown, before 2000 BCE;Mercury is a chemical element with symbol Hg and atomic number 80. It is commonly known as quicksilver and was formerly named hydrargyrum (/haɪˈdrɑːrdʒərəm/). A heavy, silvery d-block element, mercury is the only metallic element that is liquid at standard conditions for temperature and pressure. The only other element that is liquid under these conditions is bromine, though metals such as caesium, gallium, and rubidium melt just above room temperature.;Https://en.wikipedia.org/wiki/Mercury (Element)
204.38;11.85;577.0;1746.0;Solid;Post-transition metal;Silvery white;1861;William Crookes;Thallium is a chemical element with symbol Tl and atomic number 81. This soft gray post-transition metal is not found free in nature. When isolated, it resembles tin, but discolors when exposed to air.;Https://en.wikipedia.org/wiki/Thallium
207.21;11.34;600.61;2022.0;Solid;Post-transition metal;Metallic gray;ancient times;Middle East;Lead (/lɛd/) is a chemical element in the carbon group with symbol Pb (from Latin:plumbum) and atomic number 82. Lead is a soft, malleable and heavy post-transition metal. Metallic lead has a bluish-white color after being freshly cut, but it soon tarnishes to a dull grayish color when exposed to air.;Https://en.wikipedia.org/wiki/Lead_(element)
208.980401;9.78;544.7;1837.0;Solid;Post-transition metal;Lustrous silver;ancient times;Claude François Geoffroy;Bismuth is a chemical element with symbol Bi and atomic number 83. Bismuth, a pentavalent post-transition metal, chemically resembles arsenic and antimony. Elemental bismuth may occur naturally, although its sulfide and oxide form important commercial ores.;Https://en.wikipedia.org/wiki/Bismuth
209.0;9.196;527.0;1235.0;Solid;Post-transition metal;Silvery;1898;Pierre Curie;Polonium is a chemical element with symbol Po and atomic number 84, discovered in 1898 by Marie Curie and Pierre Curie. A rare and highly radioactive element with no stable isotopes, polonium is chemically similar to bismuth and tellurium, and it occurs in uranium ores. Applications of polonium are few.;Https://en.wikipedia.org/wiki/Polonium
210.0;6.35;575.0;610.0;Solid;Metalloid;Unknown, probably metallic;1940;Dale R. Corson;Astatine is a very rare radioactive chemical element with the chemical symbol At and atomic number 85. It occurs on Earth as the decay product of various heavier elements. All its isotopes are short-lived. The most stable is astatine-210, with a half-life of 8.1 hours.;Https://en.wikipedia.org/wiki/Astatine
222.0;9.73;202.0;211.5;Gas;Noble gas;Colorless gas, occasionally glows green or red in discharge tubes;1900;Friedrich Ernst Dorn;Radon is a chemical element with symbol Rn and atomic number 86. It is a radioactive, colorless, odorless, tasteless noble gas, occurring naturally as a decay product of radium. Its most stable isotope, 222Rn, has a half-life of 3.8 days.;Https://en.wikipedia.org/wiki/Radon
223.0;1.87;300.0;950.0;Solid;Alkali metal;;1939;Marguerite Perey;Francium is a chemical element with symbol Fr and atomic number 87. It used to be known as eka-caesium and actinium K. It is the second-least electronegative element, behind only caesium. Francium is a highly radioactive metal that decays into astatine, radium, and radon.;Https://en.wikipedia.org/wiki/Francium
226.0;5.5;1233.0;2010.0;Solid;Alkaline earth metal;Silvery white metallic;1898;Pierre Curie;Radium is a chemical element with symbol Ra and atomic number 88. It is the sixth element in group 2 of the periodic table, also known as the alkaline earth metals. Pure radium is almost colorless, but it readily combines with nitrogen (rather than oxygen) on exposure to air, forming a black surface layer of radium nitride (Ra3N2).;Https://en.wikipedia.org/wiki/Radium
227.0;10.0;1500.0;3500.0;Solid;Actinide;;1899;Friedrich Oskar Giesel;Actinium is a radioactive chemical element with symbol Ac (not to be confused with the abbreviation for an acetyl group) and atomic number 89, which was discovered in 1899. It was the first non-primordial radioactive element to be isolated. Polonium, radium and radon were observed before actinium, but they were not isolated until 1902.;Https://en.wikipedia.org/wiki/Actinium
232.03774;11.724;2023.0;5061.0;Solid;Actinide;Silvery, often with black tarnish;1828;Jöns Jakob Berzelius;Thorium is a chemical element with symbol Th and atomic number 90. A radioactive actinide metal, thorium is one of only two significantly radioactive elements that still occur naturally in large quantities as a primordial element (the other being uranium). It was discovered in 1828 by the Norwegian Reverend and amateur mineralogist Morten Thrane Esmark and identified by the Swedish chemist Jöns Jakob Berzelius, who named it after Thor, the Norse god of thunder.;Https://en.wikipedia.org/wiki/Thorium
231.035882;15.37;1841.0;4300.0;Solid;Actinide;Bright, silvery metallic luster;1913;William Crookes;Protactinium is a chemical element with symbol Pa and atomic number 91. It is a dense, silvery-gray metal which readily reacts with oxygen, water vapor and inorganic acids. It forms various chemical compounds where protactinium is usually present in the oxidation state +5, but can also assume +4 and even +2 or +3 states.;Https://en.wikipedia.org/wiki/Protactinium
238.028913;19.1;1405.3;4404.0;Solid;Actinide;;1789;Martin Heinrich Klaproth;Uranium is a chemical element with symbol U and atomic number 92. It is a silvery-white metal in the actinide series of the periodic table. A uranium atom has 92 protons and 92 electrons, of which 6 are valence electrons.;Https://en.wikipedia.org/wiki/Uranium
237.0;20.45;912.0;4447.0;Solid;Actinide;Silvery metallic;1940;Edwin McMillan;Neptunium is a chemical element with symbol Np and atomic number 93. A radioactive actinide metal, neptunium is the first transuranic element. Its position in the periodic table just after uranium, named after the planet Uranus, led to it being named after Neptune, the next planet beyond Uranus.;Https://en.wikipedia.org/wiki/Neptunium
244.0;19.816;912.5;3505.0;Solid;Actinide;Silvery white, tarnishing to dark gray in air;1940;Glenn T. Seaborg;Plutonium is a transuranic radioactive chemical element with symbol Pu and atomic number 94. It is an actinide metal of silvery-gray appearance that tarnishes when exposed to air, and forms a dull coating when oxidized. The element normally exhibits six allotropes and four oxidation states.;Https://en.wikipedia.org/wiki/Plutonium
243.0;12.0;1449.0;2880.0;Solid;Actinide;Silvery white;1944;Glenn T. Seaborg;Americium is a radioactive transuranic chemical element with symbol Am and atomic number 95. This member of the actinide series is located in the periodic table under the lanthanide element europium, and thus by analogy was named after the Americas. Americium was first produced in 1944 by the group of Glenn T.Seaborg from Berkeley, California, at the metallurgical laboratory of University of Chicago.;Https://en.wikipedia.org/wiki/Americium
247.0;13.51;1613.0;3383.0;Solid;Actinide;Silvery metallic, glows purple in the dark;1944;Glenn T. Seaborg;Curium is a transuranic radioactive chemical element with symbol Cm and atomic number 96. This element of the actinide series was named after Marie and Pierre Curie – both were known for their research on radioactivity. Curium was first intentionally produced and identified in July 1944 by the group of Glenn T. Seaborg at the University of California, Berkeley.;Https://en.wikipedia.org/wiki/Curium
247.0;14.78;1259.0;2900.0;Solid;Actinide;Silvery;1949;Lawrence Berkeley National Laboratory;Berkelium is a transuranic radioactive chemical element with symbol Bk and atomic number 97. It is a member of the actinide and transuranium element series. It is named after the city of Berkeley, California, the location of the University of California Radiation Laboratory where it was discovered in December 1949.;Https://en.wikipedia.org/wiki/Berkelium
251.0;15.1;1173.0;1743.0;Solid;Actinide;Silvery;1950;Lawrence Berkeley National Laboratory;Californium is a radioactive metallic chemical element with symbol Cf and atomic number 98. The element was first made in 1950 at the University of California Radiation Laboratory in Berkeley, by bombarding curium with alpha particles (helium-4 ions). It is an actinide element, the sixth transuranium element to be synthesized, and has the second-highest atomic mass of all the elements that have been produced in amounts large enough to see with the unaided eye (after einsteinium).;Https://en.wikipedia.org/wiki/Californium
252.0;8.84;1133.0;1269.0;Solid;Actinide;Silver-colored;1952;Lawrence Berkeley National Laboratory;Einsteinium is a synthetic element with symbol Es and atomic number 99. It is the seventh transuranic element, and an actinide. Einsteinium was discovered as a component of the debris of the first hydrogen bomb explosion in 1952, and named after Albert Einstein.;Https://en.wikipedia.org/wiki/Einsteinium
257.0;;1800.0;;Solid;Actinide;;1952;Lawrence Berkeley National Laboratory;Fermium is a synthetic element with symbol Fm and atomic number 100. It is a member of the actinide series. It is the heaviest element that can be formed by neutron bombardment of lighter elements, and hence the last element that can be prepared in macroscopic quantities, although pure fermium metal has not yet been prepared.;Https://en.wikipedia.org/wiki/Fermium
258.0;;1100.0;;Solid;Actinide;;1955;Lawrence Berkeley National Laboratory;Mendelevium is a synthetic element with chemical symbol Md (formerly Mv) and atomic number 101. A metallic radioactive transuranic element in the actinide series, it is the first element that currently cannot be produced in macroscopic quantities through neutron bombardment of lighter elements. It is the antepenultimate actinide and the ninth transuranic element.;Https://en.wikipedia.org/wiki/Mendelevium
259.0;;1100.0;;Solid;Actinide;;1957;Joint Institute for Nuclear Research;Nobelium is a synthetic chemical element with symbol No and atomic number 102. It is named in honor of Alfred Nobel, the inventor of dynamite and benefactor of science. A radioactive metal, it is the tenth transuranic element and is the penultimate member of the actinide series.;Https://en.wikipedia.org/wiki/Nobelium
266.0;;1900.0;;Solid;Actinide;;1961;Lawrence Berkeley National Laboratory;Lawrencium is a synthetic chemical element with chemical symbol Lr (formerly Lw) and atomic number 103. It is named in honor of Ernest Lawrence, inventor of the cyclotron, a device that was used to discover many artificial radioactive elements. A radioactive metal, lawrencium is the eleventh transuranic element and is also the final member of the actinide series.;Https://en.wikipedia.org/wiki/Lawrencium
267.0;23.2;2400.0;5800.0;Solid;Transition metal;;1969;Joint Institute for Nuclear Research;Rutherfordium is a chemical element with symbol Rf and atomic number 104, named in honor of physicist Ernest Rutherford. It is a synthetic element (an element that can be created in a laboratory but is not found in nature) and radioactive. The most stable known isotope, 267Rf, has a half-life of approximately 1.3 hours. In the periodic table of the elements, it is a d - block element and the second of the fourth - row transition elements.;Https://en.wikipedia.org/wiki/Rutherfordium
268.0;29.3;;;Solid;Transition metal;;1967;Joint Institute for Nuclear Research;Dubnium is a chemical element with symbol Db and atomic number 105. It is named after the town of Dubna in Russia (north of Moscow), where it was first produced. It is a synthetic element (an element that can be created in a laboratory but is not found in nature) and radioactive. The most stable known isotope, dubnium-268, has a half-life of approximately 28 hours.;Https://en.wikipedia.org/wiki/Dubnium
269.0;35.0;;;Solid;Transition metal;;1974;Lawrence Berkeley National Laboratory;Seaborgium is a synthetic element with symbol Sg and atomic number 106. Its most stable isotope 271Sg has a half-life of 1.9 minutes. A more recently discovered isotope 269Sg has a potentially slightly longer half-life (ca.;Https://en.wikipedia.org/wiki/Seaborgium
270.0;37.1;;;Solid;Transition metal;;1976;Gesellschaft für Schwerionenforschung;Bohrium is a chemical element with symbol Bh and atomic number 107. It is named after Danish physicist Niels Bohr. It is a synthetic element (an element that can be created in a laboratory but is not found in nature) and radioactive. The most stable known isotope, 270Bh, has a half-life of approximately 61 seconds.;Https://en.wikipedia.org/wiki/Bohrium
269.0;40.7;126.0;;Solid;Transition metal;;1984;Gesellschaft für Schwerionenforschung;Hassium is a chemical element with symbol Hs and atomic number 108, named after the German state of Hesse. It is a synthetic element (an element that can be created in a laboratory but is not found in nature) and radioactive. The most stable known isotope, 269Hs, has a half-life of approximately 9.7 seconds, although an unconfirmed metastable state, 277mHs, may have a longer half-life of about 130 seconds. More than 100 atoms of hassium have been synthesized to date.;Https://en.wikipedia.org/wiki/Hassium
278.0;37.4;;;Solid;Unknown, probably transition metal;;1982;Gesellschaft für Schwerionenforschung;Meitnerium is a chemical element with symbol Mt and atomic number 109. It is an extremely radioactive synthetic element (an element not found in nature that can be created in a laboratory). The most stable known isotope, meitnerium-278, has a half-life of 7.6 seconds.;Https://en.wikipedia.org/wiki/Meitnerium
281.0;34.8;;;Solid;Unknown, probably transition metal;;1994;Gesellschaft für Schwerionenforschung;Darmstadtium is a chemical element with symbol Ds and atomic number 110. It is an extremely radioactive synthetic element. The most stable known isotope, darmstadtium-281, has a half-life of approximately 10 seconds.;Https://en.wikipedia.org/wiki/Darmstadtium
282.0;28.7;;;Solid;Unknown, probably transition metal;;1994;Gesellschaft für Schwerionenforschung;Roentgenium is a chemical element with symbol Rg and atomic number 111. It is an extremely radioactive synthetic element (an element that can be created in a laboratory but is not found in nature). The most stable known isotope, roentgenium-282, has a half-life of 2.1 minutes. Roentgenium was first created in 1994 by the GSI Helmholtz Centre for Heavy Ion Research near Darmstadt, Germany.;Https://en.wikipedia.org/wiki/Roentgenium
285.0;14.0;;3570.0;Liquid;Transition metal;;1996;Gesellschaft für Schwerionenforschung;Copernicium is a chemical element with symbol Cn and atomic number 112. It is an extremely radioactive synthetic element that can only be created in a laboratory. The most stable known isotope, copernicium-285, has a half-life of approximately 29 seconds, but it is possible that this copernicium isotope may have a nuclear isomer with a longer half-life, 8.9 min.;Https://en.wikipedia.org/wiki/Copernicium
286.0;16.0;700.0;1430.0;Solid;Unknown, probably transition metal;;2003;RIKEN;Nihonium is a chemical element with atomic number 113. It has a symbol Nh. It is a synthetic element (an element that can be created in a laboratory but is not found in nature) and is extremely radioactive. Its most stable known isotope, nihonium-286, has a half-life of 20 seconds.;Https://en.wikipedia.org/wiki/Ununtrium
289.0;14.0;340.0;420.0;Solid;Post-transition metal;;1998;Joint Institute for Nuclear Research;Flerovium is a superheavy artificial chemical element with symbol Fl and atomic number 114. It is an extremely radioactive synthetic element. The element is named after the Flerov Laboratory of Nuclear Reactions of the Joint Institute for Nuclear Research in Dubna, Russia, where the element was discovered in 1998.;Https://en.wikipedia.org/wiki/Flerovium
289.0;13.5;670.0;1400.0;Solid;Unknown, probably post-transition metal;;2003;Joint Institute for Nuclear Research;Moscovium is the name of a synthetic superheavy element in the periodic table that has the symbol Mc and has the atomic number 115. It is an extremely radioactive element. Its most stable known isotope, moscovium-289, has a half-life of only 220 milliseconds. It is also known as eka-bismuth or simply element 115.;Https://en.wikipedia.org/wiki/Ununpentium
293.0;12.9;709.0;1085.0;Solid;Unknown, probably post-transition metal;;2000;Joint Institute for Nuclear Research;Livermorium is a synthetic superheavy element with symbol Lv and atomic number 116. It is an extremely radioactive element that has only been created in the laboratory and has not been observed in nature. The element is named after the Lawrence Livermore National Laboratory in the United States, which collaborated with the Joint Institute for Nuclear Research in Dubna, Russia to discover livermorium in 2000.;Https://en.wikipedia.org/wiki/Livermorium
294.0;7.17;723.0;883.0;Solid;Unknown, probably metalloid;;2010;Joint Institute for Nuclear Research;Tennessine is a superheavy artificial chemical element with an atomic number of 117 and a symbol of Ts. Also known as eka-astatine or element 117, it is the second-heaviest known element and penultimate element of the 7th period of the periodic table. As of 2016, fifteen tennessine atoms have been observed:six when it was first synthesized in 2010, seven in 2012, and two in 2014.;Https://en.wikipedia.org/wiki/Tennessine
294.0;4.95;;350.0;Solid;Unknown, predicted to be noble gas;;2002;Joint Institute for Nuclear Research;Oganesson is IUPAC's name for the transactinide element with the atomic number 118 and element symbol Og. It is also known as eka-radon or element 118, and on the periodic table of the elements it is a p-block element and the last one of the 7th period. Oganesson is currently the only synthetic member of group 18.;Https://en.wikipedia.org/wiki/Oganesson
